,사고번호,사고일시,요일,시군구,사고내용,사망자수,중상자수,경상자수,부상신고자수,사고유형,법규위반,노면상태,기상상태,도로형태,가해운전자 차종,가해운전자 성별,가해운전자 연령,가해운전자 상해정도,피해운전자 차종,피해운전자 성별,피해운전자 연령,피해운전자 상해정도
225,2018022700100415,2018년 2월 27일 19시,화요일,전라남도 목포시 옥암동,경상사고,0,0,1,0,차대사람 - 횡단중,보행자보호의무위반,포장 - 건조,맑음,교차로 - 교차로안,승용,여,59세,상해없음,보행자,여,50세,경상
226,2018022700100416,2018년 2월 27일 19시,화요일,전라남도 장흥군 장흥읍,경상사고,0,0,1,0,차대사람 - 기타,안전운전불이행,포장 - 건조,흐림,단일로 - 기타,승용,남,67세,상해없음,보행자,남,58세,경상
227,2018022700100417,2018년 2월 27일 19시,화요일,전라남도 보성군 보성읍,부상신고사고,0,0,0,1,차대사람 - 기타,보행자보호의무위반,포장 - 건조,맑음,주차장 - 주차장,승합,남,66세,상해없음,보행자,남,69세,부상신고
228,2018022700100498,2018년 2월 27일 21시,화요일,전라남도 여수시 공화동,중상사고,0,1,0,0,차대사람 - 횡단중,안전운전불이행,포장 - 건조,맑음,교차로 - 교차로부근,승용,남,62세,상해없음,보행자,남,55세,중상
229,2018022800100007,2018년 2월 28일 00시,수요일,전라남도 목포시 옥암동,경상사고,0,0,1,0,차대사람 - 기타,안전운전불이행,포장 - 건조,맑음,교차로 - 교차로안,승용,남,56세,상해없음,보행자,남,18세,경상
230,2018022800100087,2018년 2월 28일 08시,수요일,전라남도 함평군 나산면,경상사고,0,0,1,0,차대사람 - 횡단중,안전운전불이행,포장 - 건조,맑음,단일로 - 기타,화물,남,47세,상해없음,보행자,남,76세,경상
231,2018022800100115,2018년 2월 28일 09시,수요일,전라남도 무안군 운남면,중상사고,0,1,0,0,차대사람 - 기타,안전운전불이행,포장 - 건조,흐림,교차로 - 교차로부근,화물,남,44세,상해없음,보행자,남,86세,중상
232,2018022800100137,2018년 2월 28일 10시,수요일,전라남도 목포시 옥암동,중상사고,0,1,0,0,차대사람 - 기타,기타,포장 - 기타,비,기타 - 기타,화물,남,43세,상해없음,보행자,여,58세,중상
233,2018022800100267,2018년 2월 28일 14시,수요일,전라남도 목포시 용당동,중상사고,0,1,0,0,차대사람 - 기타,중앙선침범,포장 - 젖음/습기,비,단일로 - 기타,화물,남,70세,상해없음,보행자,여,75세,중상
234,2018022800100398,2018년 2월 28일 17시,수요일,전라남도 광양시 중동,경상사고,0,0,1,0,차대사람 - 차도통행중,안전운전불이행,포장 - 젖음/습기,비,단일로 - 기타,승용,여,60세,상해없음,보행자,여,50세,경상
235,2018022800100455,2018년 2월 28일 18시,수요일,전라남도 무안군 무안읍,중상사고,0,1,0,0,차대사람 - 차도통행중,안전운전불이행,포장 - 젖음/습기,비,교차로 - 교차로부근,승용,남,57세,상해없음,보행자,여,63세,중상
236,2018030100100025,2018년 3월 1일 00시,목요일,전라남도 순천시 조례동,중상사고,0,1,0,0,차대사람 - 기타,안전운전불이행,포장 - 건조,맑음,교차로 - 교차로부근,승용,남,61세,상해없음,보행자,여,27세,중상
237,2018030100100120,2018년 3월 1일 06시,목요일,전라남도 목포시 상동,중상사고,0,1,1,0,차대사람 - 기타,보행자보호의무위반,포장 - 건조,기타,단일로 - 기타,승합,남,68세,상해없음,보행자,여,63세,중상
238,2018030100100215,2018년 3월 1일 12시,목요일,전라남도 목포시 용당동,경상사고,0,0,1,0,차대사람 - 차도통행중,안전운전불이행,포장 - 건조,맑음,교차로 - 교차로부근,승용,남,62세,상해없음,보행자,남,50세,경상
239,2018030100100218,2018년 3월 1일 12시,목요일,전라남도 영암군 학산면,중상사고,0,1,0,0,차대사람 - 기타,안전운전불이행,포장 - 건조,맑음,단일로 - 기타,승용,남,62세,상해없음,보행자,여,18세,중상
240,2018030100100241,2018년 3월 1일 13시,목요일,전라남도 광양시 광양읍,경상사고,0,0,1,0,차대사람 - 횡단중,보행자보호의무위반,포장 - 건조,맑음,단일로 - 기타,승용,남,59세,상해없음,보행자,남,14세,경상
241,2018030100100300,2018년 3월 1일 15시,목요일,전라남도 영암군 신북면,중상사고,0,1,0,0,차대사람 - 기타,안전운전불이행,포장 - 건조,맑음,교차로 - 교차로부근,화물,남,59세,상해없음,보행자,여,80세,중상
242,2018030100100330,2018년 3월 1일 16시,목요일,전라남도 순천시 서면,경상사고,0,0,1,0,차대사람 - 차도통행중,안전운전불이행,포장 - 건조,맑음,단일로 - 기타,승용,남,65세,상해없음,보행자,남,64세,경상
243,2018030200100217,2018년 3월 2일 12시,금요일,전라남도 여수시 문수동,경상사고,0,0,1,0,차대사람 - 횡단중,보행자보호의무위반,포장 - 건조,맑음,기타 - 기타,이륜,남,57세,상해없음,보행자,여,56세,경상
244,2018030200100498,2018년 3월 2일 19시,금요일,전라남도 목포시 용해동,중상사고,0,1,0,0,차대사람 - 횡단중,보행자보호의무위반,포장 - 건조,맑음,단일로 - 기타,이륜,남,17세,상해없음,보행자,남,63세,중상
245,2018030200100499,2018년 3월 2일 19시,금요일,전라남도 나주시 산포면,사망사고,1,0,1,0,차대사람 - 기타,안전운전불이행,포장 - 건조,맑음,단일로 - 기타,승용,남,66세,상해없음,보행자,남,38세,사망
246,2018030300100010,2018년 3월 3일 00시,토요일,전라남도 장흥군 관산읍,중상사고,0,1,0,0,차대사람 - 길가장자리구역통행중,안전운전불이행,포장 - 건조,맑음,단일로 - 기타,승용,남,42세,상해없음,보행자,남,51세,중상
247,2018030300100163,2018년 3월 3일 11시,토요일,전라남도 나주시 용산동,경상사고,0,0,1,0,차대사람 - 횡단중,안전운전불이행,포장 - 건조,맑음,교차로 - 교차로안,화물,남,43세,상해없음,보행자,남,87세,경상
248,2018030300100219,2018년 3월 3일 13시,토요일,전라남도 목포시 산정동,경상사고,0,0,1,0,차대사람 - 횡단중,안전운전불이행,포장 - 건조,맑음,교차로 - 교차로부근,승용,남,64세,상해없음,보행자,여,38세,경상
249,2018030300100397,2018년 3월 3일 19시,토요일,전라남도 여수시 학동,중상사고,0,1,0,0,차대사람 - 횡단중,신호위반,포장 - 건조,맑음,단일로 - 기타,승용,남,31세,상해없음,보행자,남,54세,중상
250,2018030300100428,2018년 3월 3일 20시,토요일,전라남도 여수시 광무동,경상사고,0,0,1,0,차대사람 - 횡단중,안전운전불이행,포장 - 건조,맑음,단일로 - 기타,승용,남,28세,상해없음,보행자,여,63세,경상
251,2018030300100458,2018년 3월 3일 21시,토요일,전라남도 순천시 동외동,중상사고,0,1,0,0,차대사람 - 횡단중,보행자보호의무위반,포장 - 건조,맑음,교차로 - 교차로횡단보도내,승용,여,53세,상해없음,보행자,남,68세,중상
252,2018030400100100,2018년 3월 4일 08시,일요일,전라남도 보성군 벌교읍,중상사고,0,1,1,0,차대사람 - 보도통행중,기타,포장 - 건조,맑음,단일로 - 기타,농기계,남,76세,상해없음,보행자,남,52세,경상
253,2018030400100134,2018년 3월 4일 10시,일요일,전라남도 목포시 항동,경상사고,0,0,1,0,차대사람 - 차도통행중,안전운전불이행,포장 - 건조,맑음,단일로 - 기타,승용,남,59세,상해없음,보행자,남,26세,경상
254,2018030400100166,2018년 3월 4일 12시,일요일,전라남도 해남군 해남읍,경상사고,0,0,1,0,차대사람 - 횡단중,안전운전불이행,포장 - 건조,맑음,단일로 - 기타,승용,여,58세,상해없음,보행자,여,34세,경상
255,2018030400100185,2018년 3월 4일 13시,일요일,전라남도 화순군 화순읍,중상사고,0,1,0,0,차대사람 - 차도통행중,안전운전불이행,포장 - 건조,흐림,단일로 - 기타,승용,여,47세,상해없음,보행자,여,52세,중상
256,2018030400100229,2018년 3월 4일 15시,일요일,전라남도 영암군 시종면,중상사고,0,1,0,0,차대사람 - 기타,안전운전불이행,비포장 - 기타,맑음,기타 - 기타,화물,남,62세,상해없음,보행자,여,80세,중상
257,2018030400100312,2018년 3월 4일 19시,일요일,전라남도 목포시 상동,경상사고,0,0,1,0,차대사람 - 차도통행중,안전운전불이행,포장 - 젖음/습기,비,단일로 - 기타,승용,남,59세,상해없음,보행자,여,14세,경상
258,2018030400100313,2018년 3월 4일 19시,일요일,전라남도 영암군 신북면,중상사고,0,1,0,0,차대사람 - 횡단중,안전운전불이행,포장 - 건조,맑음,단일로 - 기타,승용,남,59세,상해없음,보행자,남,73세,중상
259,2018030400100420,2018년 3월 4일 22시,일요일,전라남도 나주시 이창동,경상사고,0,0,1,0,차대사람 - 횡단중,안전운전불이행,포장 - 젖음/습기,비,단일로 - 기타,승용,남,55세,기타불명,보행자,여,58세,경상
260,2018030500100008,2018년 3월 5일 00시,월요일,전라남도 여수시 여서동,경상사고,0,0,1,0,차대사람 - 차도통행중,안전운전불이행,포장 - 젖음/습기,비,교차로 - 교차로안,승용,남,55세,상해없음,보행자,여,21세,경상
261,2018030500100099,2018년 3월 5일 07시,월요일,전라남도 광양시 광양읍,경상사고,0,0,1,0,차대사람 - 횡단중,안전운전불이행,포장 - 젖음/습기,맑음,교차로 - 교차로부근,화물,남,70세,상해없음,보행자,여,55세,경상
262,2018030500100380,2018년 3월 5일 17시,월요일,전라남도 순천시 연향동,중상사고,0,1,0,0,차대사람 - 횡단중,보행자보호의무위반,포장 - 건조,맑음,교차로 - 교차로횡단보도내,승용,남,33세,상해없음,보행자,여,57세,중상
263,2018030600100213,2018년 3월 6일 12시,화요일,전라남도 해남군 해남읍,경상사고,0,0,1,0,차대사람 - 길가장자리구역통행중,안전운전불이행,포장 - 건조,맑음,단일로 - 기타,승용,남,50세,상해없음,보행자,남,57세,경상
264,2018030600100238,2018년 3월 6일 13시,화요일,전라남도 담양군 담양읍,경상사고,0,0,1,0,차대사람 - 횡단중,기타,포장 - 건조,맑음,단일로 - 기타,승합,남,45세,상해없음,보행자,여,6세,경상
265,2018030700100049,2018년 3월 7일 05시,수요일,전라남도 여수시 선원동,중상사고,0,1,0,0,차대사람 - 횡단중,안전운전불이행,포장 - 건조,맑음,교차로 - 교차로안,승용,여,21세,상해없음,보행자,여,73세,중상
266,2018030700100104,2018년 3월 7일 08시,수요일,전라남도 여수시 군자동,경상사고,0,0,1,0,차대사람 - 보도통행중,안전운전불이행,포장 - 건조,맑음,교차로 - 교차로횡단보도내,승용,여,46세,상해없음,보행자,여,66세,경상
267,2018030700100218,2018년 3월 7일 13시,수요일,전라남도 화순군 동복면,중상사고,0,1,0,0,차대사람 - 기타,안전운전불이행,포장 - 건조,맑음,단일로 - 기타,화물,남,69세,상해없음,보행자,남,89세,중상
268,2018030700100324,2018년 3월 7일 17시,수요일,전라남도 영암군 삼호읍,중상사고,0,1,0,0,차대사람 - 기타,안전운전불이행,포장 - 건조,맑음,교차로 - 교차로안,승합,남,62세,상해없음,보행자,여,74세,중상
269,2018030700100350,2018년 3월 7일 18시,수요일,전라남도 목포시 옥암동,경상사고,0,0,1,0,차대사람 - 차도통행중,안전운전불이행,포장 - 건조,맑음,단일로 - 기타,승용,남,45세,상해없음,보행자,남,8세,경상
270,2018030700100428,2018년 3월 7일 20시,수요일,전라남도 순천시 매곡동,중상사고,0,1,0,0,차대사람 - 횡단중,안전운전불이행,포장 - 젖음/습기,비,단일로 - 기타,기타불명,기타불명,미분류,기타불명,보행자,남,52세,중상
271,2018030700100469,2018년 3월 7일 21시,수요일,전라남도 나주시 빛가람동,경상사고,0,0,1,0,차대사람 - 횡단중,보행자보호의무위반,포장 - 젖음/습기,비,교차로 - 교차로횡단보도내,승용,여,56세,상해없음,보행자,남,41세,경상
272,2018030700100518,2018년 3월 7일 22시,수요일,전라남도 목포시 산정동,중상사고,0,1,0,0,차대사람 - 횡단중,보행자보호의무위반,포장 - 건조,맑음,단일로 - 기타,화물,남,60세,상해없음,보행자,여,54세,중상
273,2018030700100520,2018년 3월 7일 22시,수요일,전라남도 순천시 연향동,중상사고,0,1,0,0,차대사람 - 보도통행중,보행자보호의무위반,포장 - 젖음/습기,비,교차로 - 교차로횡단보도내,승용,남,25세,상해없음,보행자,남,39세,중상
274,2018030800100018,2018년 3월 8일 00시,목요일,전라남도 목포시 용당동,중상사고,0,1,0,0,차대사람 - 차도통행중,안전운전불이행,포장 - 건조,맑음,단일로 - 기타,승용,남,42세,상해없음,보행자,여,52세,중상
275,2018030800100378,2018년 3월 8일 17시,목요일,전라남도 신안군 압해읍,중상사고,0,1,0,0,차대사람 - 기타,안전운전불이행,포장 - 건조,맑음,단일로 - 기타,승용,여,44세,상해없음,보행자,여,12세,중상
276,2018030800100379,2018년 3월 8일 17시,목요일,전라남도 고흥군 도양읍,중상사고,0,1,0,0,차대사람 - 보도통행중,보행자보호의무위반,포장 - 건조,맑음,단일로 - 기타,화물,남,61세,상해없음,보행자,여,8세,중상
277,2018030800100396,2018년 3월 8일 18시,목요일,전라남도 광양시 중동,경상사고,0,0,1,0,차대사람 - 횡단중,안전운전불이행,포장 - 건조,맑음,단일로 - 기타,승용,여,43세,상해없음,보행자,남,27세,경상
278,2018030800100463,2018년 3월 8일 20시,목요일,전라남도 광양시 광양읍,부상신고사고,0,0,0,1,차대사람 - 횡단중,안전운전불이행,포장 - 건조,흐림,교차로 - 교차로안,화물,남,62세,상해없음,보행자,남,26세,부상신고
279,2018030900100012,2018년 3월 9일 00시,금요일,전라남도 보성군 벌교읍,사망사고,1,0,0,0,차대사람 - 기타,안전운전불이행,포장 - 건조,맑음,단일로 - 기타,승용,남,24세,상해없음,보행자,남,53세,사망
280,2018030900100153,2018년 3월 9일 10시,금요일,전라남도 해남군 해남읍,중상사고,0,1,0,0,차대사람 - 횡단중,안전운전불이행,포장 - 건조,맑음,교차로 - 교차로안,화물,남,54세,상해없음,보행자,여,77세,중상
281,2018030900100259,2018년 3월 9일 15시,금요일,전라남도 강진군 작천면,중상사고,0,1,0,0,차대사람 - 기타,안전운전불이행,포장 - 건조,맑음,단일로 - 기타,승용,여,47세,상해없음,보행자,여,72세,중상
282,2018030900100286,2018년 3월 9일 16시,금요일,전라남도 화순군 남면,경상사고,0,0,1,0,차대사람 - 기타,안전운전불이행,포장 - 건조,맑음,기타 - 기타,승용,남,51세,상해없음,보행자,여,56세,경상
283,2018030900100287,2018년 3월 9일 16시,금요일,전라남도 영암군 삼호읍,경상사고,0,0,1,0,차대사람 - 횡단중,보행자보호의무위반,포장 - 건조,맑음,교차로 - 교차로부근,승용,여,38세,상해없음,보행자,남,7세,경상
284,2018030900100346,2018년 3월 9일 18시,금요일,전라남도 무안군 무안읍,중상사고,0,1,0,0,차대사람 - 횡단중,안전운전불이행,포장 - 건조,맑음,교차로 - 교차로횡단보도내,승용,남,36세,상해없음,보행자,여,20세,중상
285,2018031000100058,2018년 3월 10일 02시,토요일,전라남도 여수시 봉산동,경상사고,0,0,1,0,차대사람 - 기타,안전운전불이행,포장 - 건조,맑음,단일로 - 기타,승용,남,73세,상해없음,보행자,남,40세,경상
286,2018031000100226,2018년 3월 10일 12시,토요일,전라남도 장성군 장성읍,경상사고,0,0,1,0,차대사람 - 기타,안전운전불이행,포장 - 건조,맑음,단일로 - 기타,승용,여,56세,상해없음,보행자,남,55세,경상
287,2018031100100076,2018년 3월 11일 06시,일요일,전라남도 여수시 문수동,중상사고,0,1,0,0,차대사람 - 횡단중,중앙선침범,포장 - 건조,맑음,단일로 - 기타,승용,남,25세,상해없음,보행자,여,76세,중상
288,2018031100100298,2018년 3월 11일 17시,일요일,전라남도 여수시 화양면,중상사고,0,1,0,0,차대사람 - 횡단중,안전운전불이행,포장 - 건조,맑음,단일로 - 기타,승용,남,64세,상해없음,보행자,남,5세,중상
289,2018031100100404,2018년 3월 11일 21시,일요일,전라남도 목포시 명륜동,경상사고,0,0,1,0,차대사람 - 기타,안전운전불이행,포장 - 건조,흐림,단일로 - 기타,기타불명,기타불명,미분류,기타불명,보행자,여,15세,경상
290,2018031200100390,2018년 3월 12일 17시,월요일,전라남도 장흥군 장흥읍,중상사고,0,1,0,0,차대사람 - 횡단중,보행자보호의무위반,포장 - 건조,맑음,단일로 - 기타,승용,남,73세,상해없음,보행자,여,80세,중상
291,2018031200100462,2018년 3월 12일 19시,월요일,전라남도 무안군 청계면,중상사고,0,1,0,0,차대사람 - 기타,안전운전불이행,포장 - 건조,맑음,단일로 - 기타,승합,남,58세,상해없음,보행자,남,52세,중상
292,2018031200100515,2018년 3월 12일 21시,월요일,전라남도 목포시 용해동,경상사고,0,0,1,0,차대사람 - 기타,안전운전불이행,포장 - 건조,맑음,교차로 - 교차로횡단보도내,승용,남,53세,상해없음,보행자,남,55세,경상
293,2018031300100101,2018년 3월 13일 08시,화요일,전라남도 영암군 덕진면,중상사고,0,1,0,0,차대사람 - 횡단중,신호위반,포장 - 건조,맑음,교차로 - 교차로횡단보도내,화물,남,76세,상해없음,보행자,남,81세,중상
294,2018031300100158,2018년 3월 13일 10시,화요일,전라남도 신안군 압해읍,경상사고,0,0,1,0,차대사람 - 기타,안전운전불이행,포장 - 건조,맑음,단일로 - 기타,승용,여,60세,상해없음,보행자,남,50세,경상
295,2018031300100234,2018년 3월 13일 13시,화요일,전라남도 여수시 여서동,중상사고,0,1,0,0,차대사람 - 횡단중,보행자보호의무위반,포장 - 건조,맑음,교차로 - 교차로부근,승용,여,26세,상해없음,보행자,여,36세,중상
296,2018031300100235,2018년 3월 13일 13시,화요일,전라남도 순천시 연향동,경상사고,0,0,1,0,차대사람 - 차도통행중,안전운전불이행,포장 - 건조,맑음,단일로 - 기타,승용,남,48세,상해없음,보행자,여,47세,경상
297,2018031300100263,2018년 3월 13일 14시,화요일,전라남도 보성군 회천면,사망사고,1,0,0,0,차대사람 - 길가장자리구역통행중,안전운전불이행,포장 - 건조,맑음,기타 - 기타,화물,남,63세,상해없음,보행자,남,67세,사망
298,2018031400100113,2018년 3월 14일 08시,수요일,전라남도 나주시 교동,경상사고,0,0,1,0,차대사람 - 기타,안전운전불이행,포장 - 건조,맑음,교차로 - 교차로부근,승용,여,40세,상해없음,보행자,남,46세,경상
299,2018031400100151,2018년 3월 14일 09시,수요일,전라남도 함평군 학교면,중상사고,0,1,0,0,차대사람 - 횡단중,안전운전불이행,포장 - 건조,맑음,교차로 - 교차로안,화물,남,46세,상해없음,보행자,여,77세,중상
300,2018031400100418,2018년 3월 14일 17시,수요일,전라남도 나주시 빛가람동,경상사고,0,0,2,0,차대사람 - 보도통행중,기타,포장 - 건조,맑음,단일로 - 기타,원동기,여,23세,경상,보행자,남,6세,경상
301,2018031400100468,2018년 3월 14일 18시,수요일,전라남도 화순군 능주면,경상사고,0,0,1,0,차대사람 - 차도통행중,안전운전불이행,포장 - 건조,맑음,기타 - 기타,화물,남,64세,상해없음,보행자,여,34세,경상
302,2018031400100568,2018년 3월 14일 21시,수요일,전라남도 목포시 상동,경상사고,0,0,1,0,차대사람 - 횡단중,안전운전불이행,포장 - 건조,맑음,단일로 - 기타,승용,남,44세,상해없음,보행자,남,33세,경상
303,2018031500100375,2018년 3월 15일 16시,목요일,전라남도 순천시 풍덕동,경상사고,0,0,1,0,차대사람 - 기타,안전운전불이행,포장 - 건조,맑음,단일로 - 기타,화물,여,54세,상해없음,보행자,남,51세,경상
304,2018031500100447,2018년 3월 15일 18시,목요일,전라남도 여수시 학동,중상사고,0,1,0,0,차대사람 - 보도통행중,기타,포장 - 건조,맑음,기타 - 기타,승용,남,35세,상해없음,보행자,여,25세,중상
305,2018031500100623,2018년 3월 15일 23시,목요일,전라남도 광양시 광양읍,경상사고,0,0,1,0,차대사람 - 횡단중,안전운전불이행,포장 - 젖음/습기,비,단일로 - 기타,승용,남,48세,상해없음,보행자,남,49세,경상
306,2018031600100013,2018년 3월 16일 00시,금요일,전라남도 목포시 산정동,중상사고,0,1,0,0,차대사람 - 기타,교차로운행방법위반,포장 - 건조,기타,교차로 - 교차로안,화물,남,46세,상해없음,보행자,남,46세,중상
307,2018031600100078,2018년 3월 16일 07시,금요일,전라남도 해남군 해남읍,중상사고,0,1,0,0,차대사람 - 횡단중,보행자보호의무위반,포장 - 건조,맑음,교차로 - 교차로부근,승용,남,57세,상해없음,보행자,여,7세,중상
308,2018031600100115,2018년 3월 16일 08시,금요일,전라남도 고흥군 포두면,중상사고,0,1,0,0,차대사람 - 길가장자리구역통행중,안전운전불이행,포장 - 건조,맑음,단일로 - 기타,승용,남,44세,상해없음,보행자,여,76세,중상
309,2018031600100189,2018년 3월 16일 10시,금요일,전라남도 보성군 벌교읍,중상사고,0,1,0,0,차대사람 - 횡단중,안전운전불이행,포장 - 젖음/습기,비,단일로 - 기타,승용,남,55세,상해없음,보행자,여,78세,중상
310,2018031600100190,2018년 3월 16일 10시,금요일,전라남도 곡성군 곡성읍,중상사고,0,1,0,0,차대사람 - 기타,안전운전불이행,포장 - 건조,맑음,주차장 - 주차장,승용,남,71세,상해없음,보행자,남,81세,중상
311,2018031600100406,2018년 3월 16일 17시,금요일,전라남도 목포시 죽교동,경상사고,0,0,1,0,차대사람 - 횡단중,보행자보호의무위반,포장 - 건조,맑음,교차로 - 교차로안,승용,남,28세,상해없음,보행자,남,80세,경상
312,2018031600100492,2018년 3월 16일 19시,금요일,전라남도 화순군 화순읍,경상사고,0,0,1,0,차대사람 - 횡단중,안전운전불이행,포장 - 건조,맑음,주차장 - 주차장,승합,남,43세,상해없음,보행자,여,45세,경상
313,2018031600100564,2018년 3월 16일 21시,금요일,전라남도 여수시 선원동,중상사고,0,1,0,0,차대사람 - 횡단중,보행자보호의무위반,포장 - 건조,맑음,단일로 - 기타,승용,남,44세,상해없음,보행자,여,18세,중상
314,2018031600100635,2018년 3월 16일 23시,금요일,전라남도 순천시 매곡동,중상사고,0,2,0,0,차대사람 - 횡단중,과속,포장 - 건조,맑음,단일로 - 기타,승용,남,44세,중상,보행자,여,25세,중상
315,2018031700100108,2018년 3월 17일 08시,토요일,전라남도 진도군 진도읍,경상사고,0,0,1,0,차대사람 - 횡단중,안전운전불이행,포장 - 건조,맑음,단일로 - 기타,승용,남,51세,기타불명,보행자,여,76세,경상
316,2018031700100139,2018년 3월 17일 09시,토요일,전라남도 영광군 영광읍,사망사고,1,0,0,0,차대사람 - 횡단중,안전운전불이행,포장 - 건조,맑음,단일로 - 기타,승합,남,58세,상해없음,보행자,여,90세 이상,사망
317,2018031700100197,2018년 3월 17일 11시,토요일,전라남도 목포시 상동,사망사고,1,0,0,0,차대사람 - 기타,안전운전불이행,포장 - 건조,맑음,교차로 - 교차로안,화물,남,42세,상해없음,보행자,남,84세,사망
318,2018031700100234,2018년 3월 17일 12시,토요일,전라남도 목포시 대성동,중상사고,0,1,0,0,차대사람 - 횡단중,보행자보호의무위반,포장 - 건조,맑음,교차로 - 교차로횡단보도내,승용,여,44세,상해없음,보행자,여,15세,중상
319,2018031700100299,2018년 3월 17일 14시,토요일,전라남도 순천시 조례동,경상사고,0,0,1,0,차대사람 - 횡단중,보행자보호의무위반,포장 - 건조,맑음,교차로 - 교차로부근,승합,여,32세,상해없음,보행자,여,51세,경상
320,2018031700100301,2018년 3월 17일 14시,토요일,전라남도 함평군 함평읍,경상사고,0,0,1,0,차대사람 - 차도통행중,보행자보호의무위반,포장 - 건조,맑음,교차로 - 교차로부근,승용,여,47세,기타불명,보행자,남,70세,경상
321,2018031700100328,2018년 3월 17일 15시,토요일,전라남도 순천시 인제동,경상사고,0,0,1,0,차대사람 - 차도통행중,안전운전불이행,포장 - 건조,맑음,단일로 - 기타,승용,여,57세,상해없음,보행자,남,51세,경상
322,2018031700100372,2018년 3월 17일 16시,토요일,전라남도 화순군 화순읍,중상사고,0,1,0,0,차대사람 - 횡단중,안전운전불이행,포장 - 건조,맑음,교차로 - 교차로횡단보도내,승용,남,52세,상해없음,보행자,여,84세,중상
323,2018031700100496,2018년 3월 17일 19시,토요일,전라남도 나주시 금계동,경상사고,0,0,1,0,차대사람 - 기타,안전운전불이행,포장 - 건조,맑음,단일로 - 기타,화물,남,59세,상해없음,보행자,남,47세,경상
324,2018031700100497,2018년 3월 17일 19시,토요일,전라남도 함평군 해보면,중상사고,0,1,0,0,차대사람 - 횡단중,과속,포장 - 건조,맑음,교차로 - 교차로안,승용,남,52세,상해없음,보행자,남,48세,중상
325,2018031700100537,2018년 3월 17일 20시,토요일,전라남도 함평군 나산면,사망사고,1,0,0,0,차대사람 - 횡단중,안전운전불이행,포장 - 건조,맑음,단일로 - 기타,승용,여,61세,상해없음,보행자,여,64세,사망
326,2018031800100201,2018년 3월 18일 14시,일요일,전라남도 구례군 간전면,중상사고,0,1,0,0,차대사람 - 길가장자리구역통행중,안전운전불이행,포장 - 건조,흐림,단일로 - 기타,승용,남,45세,상해없음,보행자,남,53세,중상
327,2018031800100468,2018년 3월 18일 23시,일요일,전라남도 목포시 용당동,중상사고,0,1,0,0,차대사람 - 기타,안전운전불이행,포장 - 건조,맑음,단일로 - 기타,승용,남,51세,상해없음,보행자,남,47세,중상
328,2018031900100059,2018년 3월 19일 06시,월요일,전라남도 보성군 벌교읍,중상사고,0,1,0,0,차대사람 - 횡단중,안전운전불이행,포장 - 젖음/습기,비,주차장 - 주차장,승용,남,43세,상해없음,보행자,여,75세,중상
329,2018031900100246,2018년 3월 19일 13시,월요일,전라남도 목포시 대성동,경상사고,0,0,1,0,차대사람 - 차도통행중,안전운전불이행,포장 - 건조,맑음,단일로 - 기타,승용,여,45세,상해없음,보행자,여,64세,경상
330,2018031900100273,2018년 3월 19일 14시,월요일,전라남도 화순군 화순읍,중상사고,0,1,0,0,차대사람 - 횡단중,안전운전불이행,포장 - 젖음/습기,비,교차로 - 교차로안,승용,여,52세,상해없음,보행자,여,77세,중상
331,2018031900100442,2018년 3월 19일 19시,월요일,전라남도 화순군 화순읍,중상사고,0,1,0,0,차대사람 - 횡단중,보행자보호의무위반,포장 - 젖음/습기,비,단일로 - 기타,승용,여,52세,상해없음,보행자,남,59세,중상
332,2018032000100056,2018년 3월 20일 06시,화요일,전라남도 목포시 용해동,경상사고,0,0,1,0,차대사람 - 기타,안전운전불이행,포장 - 건조,맑음,교차로 - 교차로안,승합,남,73세,상해없음,보행자,남,57세,경상
333,2018032000100057,2018년 3월 20일 06시,화요일,전라남도 순천시 별량면,경상사고,0,0,1,0,차대사람 - 횡단중,안전운전불이행,포장 - 젖음/습기,비,교차로 - 교차로안,승용,남,26세,상해없음,보행자,여,81세,경상
334,2018032000100077,2018년 3월 20일 07시,화요일,전라남도 여수시 여서동,중상사고,0,1,0,0,차대사람 - 횡단중,보행자보호의무위반,포장 - 건조,맑음,단일로 - 기타,승용,남,60세,상해없음,보행자,남,60세,중상
335,2018032000100180,2018년 3월 20일 10시,화요일,전라남도 완도군 완도읍,경상사고,0,0,1,0,차대사람 - 기타,안전운전불이행,포장 - 건조,흐림,주차장 - 주차장,승용,남,39세,상해없음,보행자,남,33세,경상
336,2018032000100283,2018년 3월 20일 14시,화요일,전라남도 나주시 남평읍,경상사고,0,0,1,0,차대사람 - 횡단중,안전운전불이행,포장 - 건조,맑음,교차로 - 교차로안,승용,남,52세,상해없음,보행자,여,77세,경상