,사고번호,사고일시,요일,시군구,사고내용,사망자수,중상자수,경상자수,부상신고자수,사고유형,법규위반,노면상태,기상상태,도로형태,가해운전자 차종,가해운전자 성별,가해운전자 연령,가해운전자 상해정도,피해운전자 차종,피해운전자 성별,피해운전자 연령,피해운전자 상해정도
1453,2018111600100131,2018년 11월 16일 08시,금요일,전라남도 곡성군 석곡면,중상사고,0,1,0,0,차대사람 - 기타,안전운전불이행,포장 - 젖음/습기,비,단일로 - 기타,승용,남,64세,상해없음,보행자,여,88세,중상
1454,2018111600100311,2018년 11월 16일 14시,금요일,전라남도 보성군 보성읍,경상사고,0,0,1,0,차대사람 - 횡단중,안전운전불이행,포장 - 기타,비,단일로 - 기타,승용,남,83세,상해없음,보행자,여,73세,경상
1455,2018111600100348,2018년 11월 16일 15시,금요일,전라남도 순천시 조례동,중상사고,0,1,0,0,차대사람 - 차도통행중,안전운전불이행,포장 - 건조,맑음,교차로 - 교차로부근,승용,남,65세,기타불명,보행자,여,65세,중상
1456,2018111600100611,2018년 11월 16일 21시,금요일,전라남도 순천시 조례동,경상사고,0,0,1,0,차대사람 - 횡단중,안전운전불이행,포장 - 건조,맑음,교차로 - 교차로안,승용,남,53세,상해없음,보행자,남,46세,경상
1457,2018111600100648,2018년 11월 16일 22시,금요일,전라남도 순천시 조곡동,경상사고,0,0,1,0,차대사람 - 차도통행중,안전운전불이행,포장 - 건조,맑음,단일로 - 기타,화물,남,62세,상해없음,보행자,여,45세,경상
1458,2018111700100199,2018년 11월 17일 10시,토요일,전라남도 순천시 중앙동,중상사고,0,1,0,0,차대사람 - 기타,안전운전불이행,포장 - 건조,맑음,기타 - 기타,승합,남,49세,기타불명,보행자,여,79세,중상
1459,2018111700100386,2018년 11월 17일 15시,토요일,전라남도 여수시 여서동,부상신고사고,0,0,0,1,차대사람 - 길가장자리구역통행중,안전운전불이행,포장 - 건조,맑음,단일로 - 기타,승용,여,53세,기타불명,보행자,남,22세,부상신고
1460,2018111700100560,2018년 11월 17일 19시,토요일,전라남도 영암군 삼호읍,중상사고,0,1,0,0,차대사람 - 횡단중,안전운전불이행,포장 - 건조,맑음,단일로 - 기타,승용,남,48세,상해없음,보행자,여,57세,중상
1461,2018111700100671,2018년 11월 17일 23시,토요일,전라남도 해남군 문내면,경상사고,0,0,1,0,차대사람 - 횡단중,안전운전불이행,포장 - 건조,맑음,단일로 - 기타,화물,남,49세,상해없음,보행자,남,50세,경상
1462,2018111800100074,2018년 11월 18일 07시,일요일,전라남도 화순군 도곡면,경상사고,0,0,1,0,차대사람 - 기타,안전운전불이행,포장 - 건조,맑음,단일로 - 기타,화물,남,63세,상해없음,보행자,여,89세,경상
1463,2018111800100120,2018년 11월 18일 11시,일요일,전라남도 나주시 봉황면,중상사고,0,1,0,0,차대사람 - 횡단중,안전운전불이행,포장 - 건조,맑음,단일로 - 기타,승용,여,28세,상해없음,보행자,남,69세,중상
1464,2018111900100281,2018년 11월 19일 14시,월요일,전라남도 영암군 영암읍,중상사고,0,1,0,0,차대사람 - 횡단중,보행자보호의무위반,포장 - 건조,맑음,교차로 - 교차로부근,승용,남,43세,상해없음,보행자,남,78세,중상
1465,2018111900100319,2018년 11월 19일 15시,월요일,전라남도 강진군 강진읍,경상사고,0,0,1,0,차대사람 - 횡단중,보행자보호의무위반,포장 - 건조,맑음,단일로 - 기타,원동기,남,59세,상해없음,보행자,남,7세,경상
1466,2018111900100403,2018년 11월 19일 17시,월요일,전라남도 순천시 조례동,중상사고,0,1,0,0,차대사람 - 기타,안전운전불이행,포장 - 건조,맑음,단일로 - 기타,승용,여,34세,상해없음,보행자,여,7세,중상
1467,2018111900100457,2018년 11월 19일 18시,월요일,전라남도 여수시 돌산읍,경상사고,0,0,1,0,차대사람 - 횡단중,안전운전불이행,포장 - 건조,맑음,교차로 - 교차로횡단보도내,화물,남,50세,상해없음,보행자,여,68세,경상
1468,2018111900100458,2018년 11월 19일 18시,월요일,전라남도 고흥군 도화면,중상사고,0,1,1,0,차대사람 - 횡단중,안전운전불이행,포장 - 건조,맑음,단일로 - 기타,기타불명,기타불명,미분류,기타불명,보행자,여,71세,중상
1469,2018111900100536,2018년 11월 19일 20시,월요일,전라남도 강진군 군동면,중상사고,0,1,0,2,차대사람 - 기타,안전운전불이행,포장 - 건조,맑음,교차로 - 교차로부근,승용,여,35세,상해없음,보행자,남,50세,중상
1470,2018112000100048,2018년 11월 20일 06시,화요일,전라남도 목포시 상동,경상사고,0,0,1,0,차대사람 - 기타,안전운전불이행,포장 - 건조,맑음,교차로 - 교차로안,승용,남,48세,상해없음,보행자,여,30세,경상
1471,2018112000100639,2018년 11월 20일 22시,화요일,전라남도 목포시 상동,경상사고,0,0,1,0,차대사람 - 기타,안전운전불이행,포장 - 건조,맑음,단일로 - 기타,승용,남,23세,상해없음,보행자,남,29세,경상
1472,2018112100100086,2018년 11월 21일 06시,수요일,전라남도 해남군 산이면,중상사고,0,1,0,0,차대사람 - 횡단중,안전운전불이행,포장 - 건조,맑음,단일로 - 기타,승용,남,51세,상해없음,보행자,여,69세,중상
1473,2018112100100137,2018년 11월 21일 08시,수요일,전라남도 보성군 보성읍,사망사고,1,0,0,0,차대사람 - 횡단중,안전운전불이행,포장 - 건조,맑음,교차로 - 교차로안,화물,남,59세,상해없음,보행자,여,77세,사망
1474,2018112100100194,2018년 11월 21일 10시,수요일,전라남도 영암군 영암읍,경상사고,0,0,1,0,차대사람 - 길가장자리구역통행중,안전운전불이행,포장 - 건조,맑음,단일로 - 기타,화물,남,70세,상해없음,보행자,남,59세,경상
1475,2018112100100412,2018년 11월 21일 17시,수요일,전라남도 여수시 신기동,경상사고,0,0,1,0,차대사람 - 횡단중,보행자보호의무위반,포장 - 건조,맑음,교차로 - 교차로횡단보도내,승용,남,70세,상해없음,보행자,남,18세,경상
1476,2018112200100011,2018년 11월 22일 00시,목요일,전라남도 여수시 봉산동,경상사고,0,0,1,0,차대사람 - 길가장자리구역통행중,안전운전불이행,포장 - 건조,맑음,단일로 - 기타,승용,남,32세,상해없음,보행자,남,36세,경상
1477,2018112200100359,2018년 11월 22일 14시,목요일,전라남도 보성군 보성읍,중상사고,0,1,0,0,차대사람 - 횡단중,보행자보호의무위반,포장 - 건조,맑음,교차로 - 교차로안,화물,남,59세,상해없음,보행자,남,71세,중상
1478,2018112200100396,2018년 11월 22일 15시,목요일,전라남도 곡성군 곡성읍,경상사고,0,0,1,0,차대사람 - 기타,안전운전불이행,포장 - 건조,맑음,단일로 - 기타,승용,남,51세,상해없음,보행자,여,78세,경상
1479,2018112200100535,2018년 11월 22일 18시,목요일,전라남도 순천시 서면,중상사고,0,2,0,0,차대사람 - 기타,안전운전불이행,포장 - 건조,맑음,단일로 - 기타,자전거,남,64세,중상,보행자,여,70세,중상
1480,2018112200100567,2018년 11월 22일 19시,목요일,전라남도 광양시 광양읍,중상사고,0,1,0,0,차대사람 - 횡단중,보행자보호의무위반,포장 - 건조,맑음,단일로 - 기타,승용,여,57세,상해없음,보행자,여,76세,중상
1481,2018112300100009,2018년 11월 23일 00시,금요일,전라남도 여수시 학동,중상사고,0,1,0,0,차대사람 - 횡단중,안전운전불이행,포장 - 건조,맑음,교차로 - 교차로안,승용,남,34세,상해없음,보행자,남,53세,중상
1482,2018112300100138,2018년 11월 23일 08시,금요일,전라남도 고흥군 풍양면,중상사고,0,1,0,0,차대사람 - 길가장자리구역통행중,안전운전불이행,포장 - 건조,맑음,단일로 - 기타,이륜,남,83세,상해없음,보행자,여,84세,중상
1483,2018112300100241,2018년 11월 23일 11시,금요일,전라남도 여수시 봉계동,중상사고,0,1,0,0,차대사람 - 기타,안전운전불이행,포장 - 건조,맑음,단일로 - 기타,승용,남,43세,상해없음,보행자,여,74세,중상
1484,2018112300100470,2018년 11월 23일 17시,금요일,전라남도 순천시 조례동,중상사고,0,1,0,0,차대사람 - 횡단중,안전운전불이행,포장 - 건조,맑음,교차로 - 교차로안,승용,여,61세,상해없음,보행자,남,30세,중상
1485,2018112300100679,2018년 11월 23일 21시,금요일,전라남도 여수시 여서동,중상사고,0,1,0,0,차대사람 - 횡단중,신호위반,포장 - 건조,맑음,교차로 - 교차로부근,승용,남,71세,상해없음,보행자,여,18세,중상
1486,2018112500100204,2018년 11월 25일 14시,일요일,전라남도 목포시 상동,경상사고,0,0,1,0,차대사람 - 기타,안전운전불이행,포장 - 건조,맑음,교차로 - 교차로안,승용,남,38세,상해없음,보행자,남,58세,경상
1487,2018112600100026,2018년 11월 26일 02시,월요일,전라남도 목포시 상동,중상사고,0,1,0,0,차대사람 - 횡단중,안전운전불이행,포장 - 건조,맑음,단일로 - 기타,이륜,남,17세,상해없음,보행자,여,41세,중상
1488,2018112600100301,2018년 11월 26일 13시,월요일,전라남도 나주시 중앙동,사망사고,1,0,0,0,차대사람 - 횡단중,안전운전불이행,포장 - 건조,맑음,교차로 - 교차로안,승합,남,51세,상해없음,보행자,남,80세,사망
1489,2018112600100461,2018년 11월 26일 17시,월요일,전라남도 여수시 선원동,중상사고,0,1,0,0,차대사람 - 횡단중,안전운전불이행,포장 - 건조,맑음,단일로 - 기타,승용,남,64세,상해없음,보행자,여,61세,중상
1490,2018112600100562,2018년 11월 26일 19시,월요일,전라남도 강진군 성전면,중상사고,0,1,0,0,차대사람 - 기타,안전운전불이행,포장 - 건조,맑음,단일로 - 기타,승용,남,69세,상해없음,보행자,남,57세,중상
1491,2018112700100054,2018년 11월 27일 06시,화요일,전라남도 여수시 미평동,중상사고,0,1,0,0,차대사람 - 횡단중,보행자보호의무위반,포장 - 건조,맑음,교차로 - 교차로부근,승용,남,48세,상해없음,보행자,여,75세,중상
1492,2018112700100082,2018년 11월 27일 07시,화요일,전라남도 영광군 법성면,중상사고,0,1,0,0,차대사람 - 기타,안전운전불이행,포장 - 건조,맑음,기타 - 기타,승합,남,59세,상해없음,보행자,여,79세,중상
1493,2018112700100213,2018년 11월 27일 11시,화요일,전라남도 보성군 회천면,중상사고,0,1,0,0,차대사람 - 기타,안전운전불이행,포장 - 건조,맑음,단일로 - 기타,화물,남,55세,상해없음,보행자,여,76세,중상
1494,2018112700100265,2018년 11월 27일 13시,화요일,전라남도 화순군 화순읍,중상사고,0,1,0,0,차대사람 - 횡단중,보행자보호의무위반,포장 - 건조,맑음,교차로 - 교차로횡단보도내,화물,남,62세,상해없음,보행자,남,74세,중상
1495,2018112800100158,2018년 11월 28일 09시,수요일,전라남도 여수시 국동,중상사고,0,1,0,0,차대사람 - 횡단중,안전운전불이행,포장 - 건조,맑음,교차로 - 교차로부근,승용,여,63세,상해없음,보행자,여,40세,중상
1496,2018112800100291,2018년 11월 28일 13시,수요일,전라남도 목포시 산정동,경상사고,0,0,1,0,차대사람 - 기타,보행자보호의무위반,포장 - 건조,맑음,교차로 - 교차로부근,화물,남,54세,상해없음,보행자,여,56세,경상
1497,2018112800100356,2018년 11월 28일 15시,수요일,전라남도 나주시 다시면,경상사고,0,0,1,0,차대사람 - 기타,안전운전불이행,포장 - 건조,맑음,단일로 - 기타,승용,여,66세,상해없음,보행자,여,90세 이상,경상
1498,2018112800100476,2018년 11월 28일 18시,수요일,전라남도 목포시 산정동,경상사고,0,0,1,0,차대사람 - 기타,안전운전불이행,포장 - 건조,맑음,교차로 - 교차로부근,승용,남,52세,상해없음,보행자,남,25세,경상
1499,2018112800100477,2018년 11월 28일 18시,수요일,전라남도 순천시 중앙동,중상사고,0,1,0,0,차대사람 - 차도통행중,보행자보호의무위반,포장 - 건조,맑음,교차로 - 교차로횡단보도내,승합,남,56세,상해없음,보행자,남,13세,중상
1500,2018112900100037,2018년 11월 29일 03시,목요일,전라남도 여수시 학동,경상사고,0,0,1,0,차대사람 - 횡단중,보행자보호의무위반,포장 - 건조,맑음,교차로 - 교차로횡단보도내,승용,남,31세,상해없음,보행자,여,24세,경상
1501,2018112900100142,2018년 11월 29일 09시,목요일,전라남도 진도군 의신면,경상사고,0,0,1,0,차대사람 - 기타,안전운전불이행,포장 - 건조,맑음,단일로 - 기타,화물,남,50세,상해없음,보행자,남,90세 이상,경상
1502,2018112900100240,2018년 11월 29일 13시,목요일,전라남도 여수시 학동,경상사고,0,0,1,0,차대사람 - 기타,안전운전불이행,포장 - 건조,맑음,단일로 - 기타,승용,남,67세,상해없음,보행자,여,56세,경상
1503,2018112900100333,2018년 11월 29일 16시,목요일,전라남도 목포시 산정동,중상사고,0,1,0,0,차대사람 - 횡단중,보행자보호의무위반,포장 - 건조,맑음,교차로 - 교차로횡단보도내,자전거,남,12세,상해없음,보행자,남,8세,중상
1504,2018112900100377,2018년 11월 29일 17시,목요일,전라남도 고흥군 고흥읍,경상사고,0,0,1,0,차대사람 - 보도통행중,안전운전불이행,포장 - 건조,맑음,교차로 - 교차로안,승용,남,47세,상해없음,보행자,여,9세,경상
1505,2018112900100378,2018년 11월 29일 17시,목요일,전라남도 해남군 해남읍,중상사고,0,1,0,0,차대사람 - 기타,안전운전불이행,포장 - 건조,맑음,기타 - 기타,승용,여,50세,상해없음,보행자,남,60세,중상
1506,2018112900100467,2018년 11월 29일 19시,목요일,전라남도 담양군 대덕면,사망사고,1,0,0,0,차대사람 - 횡단중,안전운전불이행,포장 - 건조,맑음,단일로 - 기타,승용,남,60세,상해없음,보행자,여,83세,사망
1507,2018113000100162,2018년 11월 30일 09시,금요일,전라남도 완도군 노화읍,경상사고,0,0,1,0,차대사람 - 기타,안전운전불이행,포장 - 건조,맑음,단일로 - 기타,화물,남,70세,상해없음,보행자,여,76세,경상
1508,2018113000100455,2018년 11월 30일 17시,금요일,전라남도 목포시 죽교동,경상사고,0,0,1,0,차대사람 - 기타,안전운전불이행,포장 - 건조,맑음,단일로 - 기타,기타불명,기타불명,미분류,기타불명,보행자,여,37세,경상
1509,2018113000100456,2018년 11월 30일 17시,금요일,전라남도 여수시 봉계동,중상사고,0,1,0,0,차대사람 - 길가장자리구역통행중,안전운전불이행,포장 - 건조,맑음,단일로 - 기타,이륜,남,25세,상해없음,보행자,남,43세,중상
1510,2018113000100457,2018년 11월 30일 17시,금요일,전라남도 순천시 연향동,중상사고,0,1,0,0,차대사람 - 횡단중,보행자보호의무위반,포장 - 건조,맑음,교차로 - 교차로횡단보도내,승용,남,33세,상해없음,보행자,여,13세,중상
1511,2018113000100651,2018년 11월 30일 21시,금요일,전라남도 여수시 충무동,중상사고,0,1,1,0,차대사람 - 횡단중,안전운전불이행,포장 - 건조,맑음,단일로 - 기타,원동기,남,18세,상해없음,보행자,여,63세,중상
1512,2018120100100072,2018년 12월 1일 04시,토요일,전라남도 여수시 신월동,중상사고,0,1,0,0,차대사람 - 횡단중,안전운전불이행,포장 - 건조,맑음,단일로 - 기타,화물,남,58세,상해없음,보행자,남,53세,중상
1513,2018120100100206,2018년 12월 1일 11시,토요일,전라남도 무안군 삼향읍,중상사고,0,1,0,0,차대사람 - 기타,안전운전불이행,포장 - 건조,맑음,기타 - 기타,승용,남,62세,상해없음,보행자,남,30세,중상
1514,2018120100100239,2018년 12월 1일 12시,토요일,전라남도 나주시 산포면,경상사고,0,0,1,0,차대사람 - 횡단중,안전운전불이행,포장 - 건조,맑음,단일로 - 기타,승용,남,38세,상해없음,보행자,남,56세,경상
1515,2018120100100322,2018년 12월 1일 14시,토요일,전라남도 보성군 득량면,경상사고,0,0,1,0,차대사람 - 기타,안전운전불이행,포장 - 건조,맑음,기타 - 기타,승용,남,69세,상해없음,보행자,남,55세,경상
1516,2018120100100398,2018년 12월 1일 16시,토요일,전라남도 여수시 학동,중상사고,0,1,0,0,차대사람 - 길가장자리구역통행중,안전운전불이행,포장 - 건조,맑음,단일로 - 기타,승용,남,46세,상해없음,보행자,여,49세,중상
1517,2018120100100429,2018년 12월 1일 17시,토요일,전라남도 구례군 구례읍,중상사고,0,1,0,0,차대사람 - 횡단중,과속,포장 - 건조,맑음,단일로 - 기타,승용,남,50세,상해없음,보행자,여,86세,중상
1518,2018120200100181,2018년 12월 2일 13시,일요일,전라남도 순천시 조례동,경상사고,0,0,1,0,차대사람 - 횡단중,안전운전불이행,포장 - 건조,맑음,단일로 - 기타,기타불명,기타불명,미분류,기타불명,보행자,남,34세,경상
1519,2018120200100246,2018년 12월 2일 15시,일요일,전라남도 순천시 연향동,경상사고,0,0,1,0,차대사람 - 차도통행중,안전운전불이행,포장 - 건조,맑음,단일로 - 기타,승용,여,60세,상해없음,보행자,여,71세,경상
1520,2018120200100420,2018년 12월 2일 21시,일요일,전라남도 광양시 광양읍,경상사고,0,0,1,0,차대사람 - 기타,기타,포장 - 건조,맑음,단일로 - 기타,승합,남,56세,상해없음,보행자,여,25세,경상
1521,2018120200100438,2018년 12월 2일 22시,일요일,전라남도 구례군 마산면,사망사고,1,0,0,0,차대사람 - 차도통행중,안전운전불이행,포장 - 건조,맑음,단일로 - 기타,화물,남,60세,상해없음,보행자,남,54세,사망
1522,2018120300100089,2018년 12월 3일 07시,월요일,전라남도 영암군 삼호읍,중상사고,0,1,0,0,차대사람 - 기타,안전운전불이행,포장 - 건조,맑음,교차로 - 교차로안,승용,여,63세,상해없음,보행자,남,73세,중상
1523,2018120300100125,2018년 12월 3일 08시,월요일,전라남도 목포시 죽교동,경상사고,0,0,1,0,차대사람 - 기타,안전운전불이행,포장 - 건조,맑음,교차로 - 교차로부근,승용,여,44세,상해없음,보행자,여,15세,경상
1524,2018120300100126,2018년 12월 3일 08시,월요일,전라남도 구례군 구례읍,경상사고,0,0,1,0,차대사람 - 횡단중,안전운전불이행,포장 - 젖음/습기,비,교차로 - 교차로안,화물,남,83세,상해없음,보행자,여,68세,경상
1525,2018120300100254,2018년 12월 3일 12시,월요일,전라남도 순천시 덕암동,중상사고,0,1,0,0,차대사람 - 기타,안전운전불이행,포장 - 건조,맑음,단일로 - 기타,기타불명,기타불명,미분류,기타불명,보행자,여,70세,중상
1526,2018120300100350,2018년 12월 3일 15시,월요일,전라남도 해남군 해남읍,경상사고,0,0,1,0,차대사람 - 기타,안전운전불이행,포장 - 건조,맑음,교차로 - 교차로부근,승용,남,75세,상해없음,보행자,여,64세,경상
1527,2018120300100390,2018년 12월 3일 16시,월요일,전라남도 순천시 덕암동,경상사고,0,0,1,0,차대사람 - 차도통행중,안전운전불이행,포장 - 건조,맑음,단일로 - 기타,화물,남,48세,상해없음,보행자,남,31세,경상
1528,2018120300100435,2018년 12월 3일 17시,월요일,전라남도 보성군 보성읍,경상사고,0,0,1,0,차대사람 - 기타,안전운전불이행,포장 - 건조,맑음,단일로 - 기타,승용,여,32세,상해없음,보행자,여,34세,경상
1529,2018120300100591,2018년 12월 3일 20시,월요일,전라남도 장흥군 장동면,사망사고,1,1,0,0,차대사람 - 기타,안전운전불이행,포장 - 젖음/습기,흐림,교차로 - 교차로안,승용,여,58세,사망,보행자,남,57세,중상
1530,2018120400100144,2018년 12월 4일 08시,화요일,전라남도 여수시 여서동,경상사고,0,0,1,0,차대사람 - 횡단중,보행자보호의무위반,포장 - 젖음/습기,비,교차로 - 교차로횡단보도내,승용,남,66세,상해없음,보행자,여,26세,경상
1531,2018120400100191,2018년 12월 4일 09시,화요일,전라남도 나주시 중앙동,경상사고,0,0,1,0,차대사람 - 횡단중,안전운전불이행,포장 - 건조,맑음,교차로 - 교차로안,화물,여,37세,상해없음,보행자,여,75세,경상
1532,2018120400100361,2018년 12월 4일 15시,화요일,전라남도 영암군 삼호읍,중상사고,0,1,0,0,차대사람 - 횡단중,기타,포장 - 건조,맑음,단일로 - 기타,승용,여,40세,상해없음,보행자,남,11세,중상
1533,2018120500100063,2018년 12월 5일 06시,수요일,전라남도 해남군 해남읍,중상사고,0,1,0,0,차대사람 - 기타,안전운전불이행,포장 - 건조,흐림,단일로 - 기타,승합,남,29세,상해없음,보행자,남,47세,중상
1534,2018120500100064,2018년 12월 5일 06시,수요일,전라남도 해남군 현산면,사망사고,1,0,0,0,차대사람 - 횡단중,안전운전불이행,포장 - 건조,흐림,단일로 - 기타,승용,남,82세,상해없음,보행자,여,72세,사망
1535,2018120500100311,2018년 12월 5일 14시,수요일,전라남도 고흥군 과역면,중상사고,0,1,0,0,차대사람 - 기타,안전운전불이행,포장 - 건조,맑음,단일로 - 기타,화물,남,79세,상해없음,보행자,여,67세,중상
1536,2018120500100370,2018년 12월 5일 16시,수요일,전라남도 목포시 상동,경상사고,0,0,1,0,차대사람 - 횡단중,신호위반,포장 - 건조,맑음,단일로 - 기타,이륜,남,19세,상해없음,보행자,남,8세,경상
1537,2018120500100405,2018년 12월 5일 17시,수요일,전라남도 해남군 해남읍,경상사고,0,0,1,0,차대사람 - 기타,안전운전불이행,포장 - 건조,맑음,단일로 - 기타,승용,여,58세,상해없음,보행자,남,43세,경상
1538,2018120500100500,2018년 12월 5일 19시,수요일,전라남도 구례군 구례읍,경상사고,0,0,1,0,차대사람 - 차도통행중,보행자보호의무위반,포장 - 건조,맑음,교차로 - 교차로안,기타불명,기타불명,미분류,기타불명,보행자,남,59세,경상
1539,2018120500100577,2018년 12월 5일 23시,수요일,전라남도 강진군 마량면,사망사고,1,0,0,0,차대사람 - 길가장자리구역통행중,안전운전불이행,포장 - 건조,맑음,단일로 - 기타,화물,남,45세,상해없음,보행자,남,67세,사망
1540,2018120600100040,2018년 12월 6일 04시,목요일,전라남도 여수시 중앙동,경상사고,0,0,1,0,차대사람 - 횡단중,안전운전불이행,포장 - 젖음/습기,맑음,단일로 - 기타,화물,남,63세,상해없음,보행자,여,67세,경상
1541,2018120600100097,2018년 12월 6일 07시,목요일,전라남도 여수시 중흥동,중상사고,0,1,0,0,차대사람 - 횡단중,안전운전불이행,포장 - 젖음/습기,흐림,단일로 - 기타,승용,남,45세,상해없음,보행자,남,56세,중상
1542,2018120600100100,2018년 12월 6일 07시,목요일,전라남도 고흥군 동강면,경상사고,0,0,1,0,차대사람 - 횡단중,교차로운행방법위반,포장 - 건조,맑음,교차로 - 교차로안,승용,남,62세,상해없음,보행자,여,78세,경상
1543,2018120600100233,2018년 12월 6일 11시,목요일,전라남도 순천시 저전동,중상사고,0,1,0,0,차대사람 - 차도통행중,보행자보호의무위반,포장 - 건조,맑음,단일로 - 기타,승용,남,58세,상해없음,보행자,남,75세,중상
1544,2018120600100401,2018년 12월 6일 16시,목요일,전라남도 신안군 압해읍,경상사고,0,0,1,0,차대사람 - 기타,안전운전불이행,포장 - 건조,맑음,주차장 - 주차장,승합,남,49세,상해없음,보행자,남,11세,경상
1545,2018120600100581,2018년 12월 6일 20시,목요일,전라남도 목포시 상동,경상사고,0,0,1,0,차대사람 - 기타,안전운전불이행,포장 - 기타,기타,교차로 - 교차로안,승용,여,38세,상해없음,보행자,남,56세,경상
1546,2018120700100074,2018년 12월 7일 06시,금요일,전라남도 나주시 다시면,중상사고,0,1,0,0,차대사람 - 횡단중,안전운전불이행,포장 - 건조,맑음,교차로 - 교차로안,화물,여,59세,상해없음,보행자,여,78세,중상
1547,2018120700100217,2018년 12월 7일 10시,금요일,전라남도 보성군 벌교읍,경상사고,0,0,1,0,차대사람 - 기타,안전운전불이행,포장 - 건조,맑음,단일로 - 기타,화물,남,39세,상해없음,보행자,남,53세,경상
1548,2018120700100533,2018년 12월 7일 18시,금요일,전라남도 완도군 완도읍,사망사고,1,0,0,0,차대사람 - 차도통행중,안전운전불이행,포장 - 건조,맑음,단일로 - 기타,승용,남,36세,상해없음,보행자,남,63세,사망
1549,2018120700100576,2018년 12월 7일 19시,금요일,전라남도 영암군 영암읍,경상사고,0,0,1,0,차대사람 - 횡단중,안전운전불이행,포장 - 건조,맑음,교차로 - 교차로안,화물,남,49세,상해없음,보행자,남,52세,경상
1550,2018120800100097,2018년 12월 8일 06시,토요일,전라남도 해남군 북평면,중상사고,0,1,0,0,차대사람 - 기타,안전운전불이행,포장 - 건조,맑음,기타 - 기타,화물,남,36세,상해없음,보행자,남,62세,중상
1551,2018120800100263,2018년 12월 8일 13시,토요일,전라남도 여수시 덕충동,중상사고,0,1,0,0,차대사람 - 횡단중,안전운전불이행,포장 - 건조,맑음,단일로 - 기타,승용,남,56세,상해없음,보행자,여,12세,중상
1552,2018120800100368,2018년 12월 8일 16시,토요일,전라남도 목포시 상동,중상사고,0,1,0,0,차대사람 - 보도통행중,기타,포장 - 서리/결빙,맑음,단일로 - 기타,이륜,남,22세,상해없음,보행자,여,21세,중상
1553,2018120800100406,2018년 12월 8일 17시,토요일,전라남도 여수시 여서동,중상사고,0,1,0,0,차대사람 - 횡단중,보행자보호의무위반,포장 - 건조,맑음,단일로 - 기타,승용,여,39세,상해없음,보행자,여,67세,중상
1554,2018120900100323,2018년 12월 9일 19시,일요일,전라남도 여수시 오림동,중상사고,0,1,0,0,차대사람 - 횡단중,보행자보호의무위반,포장 - 건조,맑음,교차로 - 교차로횡단보도내,승용,남,60세,상해없음,보행자,여,78세,중상
1555,2018121000100085,2018년 12월 10일 08시,월요일,전라남도 화순군 화순읍,중상사고,0,1,0,0,차대사람 - 횡단중,보행자보호의무위반,포장 - 건조,맑음,교차로 - 교차로횡단보도내,화물,남,52세,상해없음,보행자,여,64세,중상
1556,2018121000100202,2018년 12월 10일 11시,월요일,전라남도 나주시 성북동,경상사고,0,0,1,0,차대사람 - 기타,안전운전불이행,포장 - 건조,맑음,단일로 - 기타,승용,남,69세,기타불명,보행자,남,58세,경상
1557,2018121000100203,2018년 12월 10일 11시,월요일,전라남도 나주시 영산동,경상사고,0,0,1,0,차대사람 - 횡단중,신호위반,포장 - 건조,맑음,단일로 - 기타,화물,남,77세,상해없음,보행자,여,76세,경상
1558,2018121000100403,2018년 12월 10일 17시,월요일,전라남도 순천시 덕암동,경상사고,0,0,1,0,차대사람 - 횡단중,보행자보호의무위반,포장 - 건조,맑음,교차로 - 교차로횡단보도내,승용,여,51세,상해없음,보행자,여,57세,경상
1559,2018121000100404,2018년 12월 10일 17시,월요일,전라남도 순천시 금곡동,중상사고,0,1,0,0,차대사람 - 기타,안전운전불이행,포장 - 건조,맑음,단일로 - 기타,승합,남,72세,상해없음,보행자,남,8세,중상
1560,2018121000100406,2018년 12월 10일 17시,월요일,전라남도 고흥군 고흥읍,중상사고,0,1,0,0,차대사람 - 횡단중,보행자보호의무위반,포장 - 건조,맑음,교차로 - 교차로횡단보도내,화물,남,44세,상해없음,보행자,여,89세,중상
1561,2018121000100463,2018년 12월 10일 18시,월요일,전라남도 완도군 노화읍,경상사고,0,0,1,0,차대사람 - 기타,안전운전불이행,포장 - 건조,맑음,단일로 - 기타,화물,여,51세,상해없음,보행자,남,56세,경상
1562,2018121100100055,2018년 12월 11일 06시,화요일,전라남도 여수시 충무동,중상사고,0,1,0,0,차대사람 - 횡단중,보행자보호의무위반,포장 - 젖음/습기,비,단일로 - 기타,화물,여,62세,상해없음,보행자,여,76세,중상
1563,2018121100100114,2018년 12월 11일 08시,화요일,전라남도 화순군 화순읍,중상사고,0,1,0,0,차대사람 - 횡단중,안전운전불이행,포장 - 젖음/습기,비,단일로 - 기타,승용,남,68세,상해없음,보행자,남,68세,중상