,사고번호,사고일시,요일,시군구,사고내용,사망자수,중상자수,경상자수,부상신고자수,사고유형,법규위반,노면상태,기상상태,도로형태,가해운전자 차종,가해운전자 성별,가해운전자 연령,가해운전자 상해정도,피해운전자 차종,피해운전자 성별,피해운전자 연령,피해운전자 상해정도
1564,2018121100100149,2018년 12월 11일 09시,화요일,전라남도 순천시 외서면,중상사고,0,1,2,0,차대사람 - 차도통행중,안전운전불이행,포장 - 서리/결빙,비,단일로 - 교량,화물,남,58세,경상,보행자,남,48세,중상
1565,2018121100100296,2018년 12월 11일 14시,화요일,전라남도 장흥군 관산읍,경상사고,0,0,1,0,차대사람 - 기타,안전운전불이행,포장 - 건조,맑음,교차로 - 교차로부근,승용,남,54세,상해없음,보행자,여,76세,경상
1566,2018121100100335,2018년 12월 11일 15시,화요일,전라남도 화순군 화순읍,경상사고,0,0,1,0,차대사람 - 차도통행중,안전운전불이행,포장 - 젖음/습기,비,단일로 - 기타,승용,여,42세,상해없음,보행자,여,57세,경상
1567,2018121100100403,2018년 12월 11일 17시,화요일,전라남도 여수시 월하동,사망사고,1,0,0,0,차대사람 - 횡단중,안전운전불이행,포장 - 젖음/습기,비,교차로 - 교차로부근,승용,남,53세,상해없음,보행자,남,61세,사망
1568,2018121100100514,2018년 12월 11일 19시,화요일,전라남도 순천시 황전면,중상사고,0,1,0,0,차대사람 - 차도통행중,안전운전불이행,포장 - 건조,맑음,교차로 - 교차로안,화물,남,58세,상해없음,보행자,남,55세,중상
1569,2018121100100515,2018년 12월 11일 19시,화요일,전라남도 보성군 보성읍,경상사고,0,0,1,0,차대사람 - 기타,안전운전불이행,포장 - 젖음/습기,흐림,기타 - 기타,승합,남,45세,상해없음,보행자,남,68세,경상
1570,2018121200100163,2018년 12월 12일 09시,수요일,전라남도 순천시 인제동,경상사고,0,0,1,0,차대사람 - 기타,기타,포장 - 건조,맑음,단일로 - 기타,승용,남,43세,상해없음,보행자,남,31세,경상
1571,2018121200100232,2018년 12월 12일 11시,수요일,전라남도 순천시 덕암동,중상사고,0,1,0,0,차대사람 - 횡단중,신호위반,포장 - 건조,맑음,단일로 - 기타,화물,남,77세,상해없음,보행자,여,18세,중상
1572,2018121200100257,2018년 12월 12일 12시,수요일,전라남도 목포시 죽교동,경상사고,0,0,2,0,차대사람 - 차도통행중,안전운전불이행,포장 - 건조,맑음,단일로 - 기타,이륜,남,21세,상해없음,보행자,여,17세,경상
1573,2018121200100351,2018년 12월 12일 15시,수요일,전라남도 여수시 교동,중상사고,0,1,0,0,차대사람 - 차도통행중,안전운전불이행,포장 - 건조,맑음,단일로 - 기타,승용,여,60세,상해없음,보행자,남,61세,중상
1574,2018121200100432,2018년 12월 12일 17시,수요일,전라남도 광양시 중동,경상사고,0,0,1,0,차대사람 - 횡단중,신호위반,포장 - 건조,맑음,교차로 - 교차로안,승용,남,39세,상해없음,보행자,남,4세,경상
1575,2018121200100562,2018년 12월 12일 20시,수요일,전라남도 여수시 문수동,경상사고,0,0,1,0,차대사람 - 차도통행중,안전운전불이행,포장 - 건조,맑음,교차로 - 교차로안,승용,남,52세,상해없음,보행자,남,49세,경상
1576,2018121200100638,2018년 12월 12일 23시,수요일,전라남도 광양시 광양읍,경상사고,0,0,1,0,차대사람 - 기타,안전운전불이행,포장 - 건조,맑음,단일로 - 기타,승용,남,42세,상해없음,보행자,여,20세,경상
1577,2018121300100017,2018년 12월 13일 01시,목요일,전라남도 순천시 덕암동,경상사고,0,0,1,0,차대사람 - 기타,안전운전불이행,포장 - 건조,맑음,단일로 - 기타,승용,남,47세,상해없음,보행자,여,43세,경상
1578,2018121300100450,2018년 12월 13일 17시,목요일,전라남도 여수시 봉계동,사망사고,1,0,0,0,차대사람 - 횡단중,안전운전불이행,포장 - 건조,맑음,단일로 - 기타,화물,여,41세,상해없음,보행자,여,76세,사망
1579,2018121300100503,2018년 12월 13일 18시,목요일,전라남도 목포시 용당동,중상사고,0,1,0,0,차대사람 - 기타,안전운전불이행,포장 - 건조,맑음,주차장 - 주차장,승용,남,35세,상해없음,보행자,남,70세,중상
1580,2018121300100619,2018년 12월 13일 22시,목요일,전라남도 목포시 상동,경상사고,0,0,1,0,차대사람 - 차도통행중,안전운전불이행,포장 - 건조,맑음,단일로 - 기타,승용,여,27세,상해없음,보행자,남,42세,경상
1581,2018121300100620,2018년 12월 13일 22시,목요일,전라남도 목포시 산정동,중상사고,0,1,0,0,차대사람 - 차도통행중,안전운전불이행,포장 - 건조,맑음,교차로 - 교차로횡단보도내,승용,여,50세,상해없음,보행자,남,52세,중상
1582,2018121400100102,2018년 12월 14일 08시,금요일,전라남도 고흥군 고흥읍,중상사고,0,1,0,0,차대사람 - 차도통행중,안전운전불이행,포장 - 건조,맑음,단일로 - 기타,승용,남,59세,상해없음,보행자,여,78세,중상
1583,2018121400100103,2018년 12월 14일 08시,금요일,전라남도 영암군 신북면,중상사고,0,1,0,0,차대사람 - 길가장자리구역통행중,안전운전불이행,포장 - 건조,맑음,교차로 - 교차로안,승용,여,44세,상해없음,보행자,여,90세 이상,중상
1584,2018121400100140,2018년 12월 14일 09시,금요일,전라남도 순천시 조례동,경상사고,0,0,1,0,차대사람 - 기타,보행자보호의무위반,포장 - 건조,맑음,교차로 - 교차로횡단보도내,승용,여,28세,상해없음,보행자,여,41세,경상
1585,2018121400100365,2018년 12월 14일 15시,금요일,전라남도 여수시 교동,경상사고,0,0,1,0,차대사람 - 길가장자리구역통행중,안전운전불이행,포장 - 건조,맑음,교차로 - 교차로부근,승용,남,35세,상해없음,보행자,남,87세,경상
1586,2018121400100522,2018년 12월 14일 18시,금요일,전라남도 화순군 화순읍,경상사고,0,0,1,0,차대사람 - 횡단중,보행자보호의무위반,포장 - 건조,맑음,교차로 - 교차로안,승용,여,23세,상해없음,보행자,남,55세,경상
1587,2018121400100523,2018년 12월 14일 18시,금요일,전라남도 광양시 옥룡면,중상사고,0,1,0,0,차대사람 - 횡단중,안전운전불이행,포장 - 건조,맑음,교차로 - 교차로부근,승용,여,61세,상해없음,보행자,여,72세,중상
1588,2018121400100627,2018년 12월 14일 20시,금요일,전라남도 목포시 산정동,사망사고,1,0,0,0,차대사람 - 기타,안전운전불이행,포장 - 건조,맑음,단일로 - 기타,승용,남,38세,상해없음,보행자,남,58세,사망
1589,2018121500100017,2018년 12월 15일 00시,토요일,전라남도 화순군 화순읍,사망사고,1,0,0,0,차대사람 - 차도통행중,안전운전불이행,포장 - 건조,맑음,단일로 - 기타,승용,남,26세,상해없음,보행자,여,78세,사망
1590,2018121500100115,2018년 12월 15일 06시,토요일,전라남도 목포시 산정동,중상사고,0,1,0,0,차대사람 - 횡단중,안전운전불이행,포장 - 건조,맑음,단일로 - 기타,승용,남,63세,상해없음,보행자,남,76세,중상
1591,2018121500100414,2018년 12월 15일 15시,토요일,전라남도 순천시 동외동,부상신고사고,0,0,0,1,차대사람 - 횡단중,안전운전불이행,포장 - 건조,맑음,단일로 - 기타,승용,여,28세,상해없음,보행자,남,68세,부상신고
1592,2018121500100538,2018년 12월 15일 18시,토요일,전라남도 나주시 남평읍,중상사고,0,1,0,0,차대사람 - 기타,안전운전불이행,포장 - 건조,맑음,단일로 - 기타,승용,여,44세,상해없음,보행자,여,55세,중상
1593,2018121500100664,2018년 12월 15일 22시,토요일,전라남도 강진군 마량면,사망사고,1,1,0,0,차대사람 - 기타,안전운전불이행,포장 - 건조,맑음,단일로 - 기타,승용,여,47세,상해없음,보행자,남,63세,사망
1594,2018121600100245,2018년 12월 16일 16시,일요일,전라남도 순천시 조례동,중상사고,0,1,0,0,차대사람 - 기타,안전운전불이행,포장 - 건조,맑음,단일로 - 기타,화물,남,57세,상해없음,보행자,여,21세,중상
1595,2018121600100427,2018년 12월 16일 22시,일요일,전라남도 여수시 문수동,경상사고,0,0,1,0,차대사람 - 횡단중,신호위반,포장 - 건조,맑음,교차로 - 교차로횡단보도내,승용,여,47세,상해없음,보행자,여,18세,경상
1596,2018121700100086,2018년 12월 17일 06시,월요일,전라남도 광양시 중동,경상사고,0,0,1,0,차대사람 - 보도통행중,보행자보호의무위반,포장 - 건조,맑음,교차로 - 교차로횡단보도내,승용,남,46세,상해없음,보행자,남,68세,경상
1597,2018121700100302,2018년 12월 17일 11시,월요일,전라남도 목포시 상동,중상사고,0,1,0,0,차대사람 - 기타,안전운전불이행,포장 - 건조,맑음,기타 - 기타,승용,남,41세,상해없음,보행자,남,61세,중상
1598,2018121700100304,2018년 12월 17일 11시,월요일,전라남도 나주시 노안면,중상사고,0,1,0,0,차대사람 - 차도통행중,안전운전불이행,포장 - 건조,맑음,교차로 - 교차로부근,승용,남,68세,상해없음,보행자,남,86세,중상
1599,2018121700100516,2018년 12월 17일 17시,월요일,전라남도 순천시 장천동,경상사고,0,0,1,0,차대사람 - 차도통행중,안전운전불이행,포장 - 건조,맑음,교차로 - 교차로안,승용,여,46세,상해없음,보행자,남,37세,경상
1600,2018121700100576,2018년 12월 17일 18시,월요일,전라남도 해남군 해남읍,중상사고,0,1,0,0,차대사람 - 횡단중,안전운전불이행,포장 - 건조,맑음,단일로 - 기타,승용,남,63세,상해없음,보행자,여,8세,중상
1601,2018121700100577,2018년 12월 17일 18시,월요일,전라남도 영광군 영광읍,경상사고,0,0,1,0,차대사람 - 횡단중,안전운전불이행,포장 - 젖음/습기,흐림,교차로 - 교차로안,화물,남,59세,상해없음,보행자,남,8세,경상
1602,2018121700100579,2018년 12월 17일 18시,월요일,전라남도 진도군 군내면,중상사고,0,2,0,0,차대사람 - 길가장자리구역통행중,안전운전불이행,포장 - 건조,맑음,단일로 - 기타,승용,여,50세,상해없음,보행자,여,57세,중상
1603,2018121700100693,2018년 12월 17일 21시,월요일,전라남도 순천시 조례동,경상사고,0,0,1,0,차대사람 - 차도통행중,안전운전불이행,포장 - 건조,맑음,단일로 - 기타,승용,남,24세,상해없음,보행자,남,43세,경상
1604,2018121800100035,2018년 12월 18일 02시,화요일,전라남도 순천시 조례동,경상사고,0,0,1,0,차대사람 - 횡단중,안전운전불이행,포장 - 건조,맑음,교차로 - 교차로부근,승용,남,20세,상해없음,보행자,남,34세,경상
1605,2018121800100264,2018년 12월 18일 11시,화요일,전라남도 영광군 백수읍,경상사고,0,0,1,0,차대사람 - 기타,안전운전불이행,포장 - 건조,맑음,교차로 - 교차로부근,승용,남,28세,상해없음,보행자,여,77세,경상
1606,2018121800100345,2018년 12월 18일 14시,화요일,전라남도 여수시 여서동,중상사고,0,1,0,0,차대사람 - 횡단중,보행자보호의무위반,포장 - 건조,맑음,교차로 - 교차로횡단보도내,승용,남,37세,상해없음,보행자,여,66세,중상
1607,2018121800100369,2018년 12월 18일 15시,화요일,전라남도 순천시 조례동,경상사고,0,0,1,0,차대사람 - 횡단중,안전운전불이행,포장 - 건조,맑음,교차로 - 교차로안,승용,여,35세,상해없음,보행자,남,21세,경상
1608,2018121800100560,2018년 12월 18일 19시,화요일,전라남도 영암군 학산면,경상사고,0,0,1,0,차대사람 - 보도통행중,안전운전불이행,포장 - 건조,맑음,단일로 - 기타,승용,여,47세,상해없음,보행자,남,24세,경상
1609,2018121900100146,2018년 12월 19일 08시,수요일,전라남도 장성군 북이면,경상사고,0,0,1,0,차대사람 - 차도통행중,안전운전불이행,포장 - 건조,맑음,교차로 - 교차로안,승용,남,24세,상해없음,보행자,여,83세,경상
1610,2018121900100391,2018년 12월 19일 16시,수요일,전라남도 순천시 연향동,중상사고,0,1,0,0,차대사람 - 차도통행중,안전운전불이행,포장 - 건조,맑음,단일로 - 기타,건설기계,남,49세,상해없음,보행자,여,62세,중상
1611,2018121900100436,2018년 12월 19일 17시,수요일,전라남도 여수시 선원동,중상사고,0,1,0,0,차대사람 - 횡단중,보행자보호의무위반,포장 - 건조,맑음,교차로 - 교차로부근,승용,여,56세,상해없음,보행자,여,52세,중상
1612,2018121900100437,2018년 12월 19일 17시,수요일,전라남도 여수시 신월동,중상사고,0,1,0,0,차대사람 - 횡단중,보행자보호의무위반,포장 - 건조,맑음,교차로 - 교차로횡단보도내,승용,여,60세,상해없음,보행자,여,62세,중상
1613,2018121900100501,2018년 12월 19일 18시,수요일,전라남도 진도군 군내면,중상사고,0,1,0,0,차대사람 - 기타,안전운전불이행,포장 - 건조,맑음,단일로 - 기타,승용,남,79세,상해없음,보행자,남,50세,중상
1614,2018122000100381,2018년 12월 20일 17시,목요일,전라남도 목포시 용해동,경상사고,0,0,1,0,차대사람 - 횡단중,보행자보호의무위반,포장 - 건조,맑음,교차로 - 교차로부근,승용,남,62세,상해없음,보행자,여,74세,경상
1615,2018122100100122,2018년 12월 21일 07시,금요일,전라남도 나주시 다도면,중상사고,0,1,0,0,차대사람 - 기타,안전운전불이행,비포장 - 건조,맑음,기타 - 기타,화물,남,57세,상해없음,보행자,남,60세,중상
1616,2018122100100211,2018년 12월 21일 10시,금요일,전라남도 목포시 용해동,중상사고,0,1,0,0,차대사람 - 기타,안전운전불이행,포장 - 건조,맑음,기타 - 기타,승용,남,60세,상해없음,보행자,여,84세,중상
1617,2018122100100244,2018년 12월 21일 11시,금요일,전라남도 여수시 고소동,경상사고,0,0,1,0,차대사람 - 횡단중,보행자보호의무위반,포장 - 건조,맑음,교차로 - 교차로횡단보도내,승용,여,36세,상해없음,보행자,남,64세,경상
1618,2018122100100338,2018년 12월 21일 14시,금요일,전라남도 광양시 광양읍,중상사고,0,1,0,0,차대사람 - 기타,안전운전불이행,포장 - 건조,맑음,교차로 - 교차로부근,화물,남,69세,상해없음,보행자,남,80세,중상
1619,2018122100100368,2018년 12월 21일 15시,금요일,전라남도 영광군 영광읍,중상사고,0,1,0,0,차대사람 - 차도통행중,안전운전불이행,포장 - 건조,맑음,단일로 - 기타,승용,여,56세,상해없음,보행자,남,54세,중상
1620,2018122100100443,2018년 12월 21일 17시,금요일,전라남도 목포시 옥암동,경상사고,0,0,1,0,차대사람 - 기타,안전운전불이행,포장 - 건조,맑음,단일로 - 기타,승용,여,56세,상해없음,보행자,남,26세,경상
1621,2018122100100445,2018년 12월 21일 17시,금요일,전라남도 순천시 남정동,경상사고,0,0,2,0,차대사람 - 횡단중,보행자보호의무위반,포장 - 건조,맑음,교차로 - 교차로부근,승용,남,47세,상해없음,보행자,여,24세,경상
1622,2018122100100522,2018년 12월 21일 18시,금요일,전라남도 목포시 용당동,경상사고,0,0,1,0,차대사람 - 기타,안전운전불이행,포장 - 건조,맑음,단일로 - 기타,승용,남,26세,상해없음,보행자,여,39세,경상
1623,2018122100100601,2018년 12월 21일 20시,금요일,전라남도 영암군 삼호읍,경상사고,0,0,1,0,차대사람 - 횡단중,안전운전불이행,포장 - 건조,맑음,교차로 - 교차로부근,화물,남,52세,상해없음,보행자,남,21세,경상
1624,2018122100100659,2018년 12월 21일 22시,금요일,전라남도 목포시 상동,중상사고,0,1,0,0,차대사람 - 횡단중,안전운전불이행,포장 - 건조,맑음,교차로 - 교차로횡단보도내,승용,여,36세,상해없음,보행자,남,58세,중상
1625,2018122200100300,2018년 12월 22일 13시,토요일,전라남도 무안군 무안읍,경상사고,0,0,1,0,차대사람 - 차도통행중,안전운전불이행,포장 - 건조,맑음,단일로 - 기타,승합,여,57세,상해없음,보행자,남,64세,경상
1626,2018122200100452,2018년 12월 22일 17시,토요일,전라남도 여수시 학동,경상사고,0,0,1,0,차대사람 - 기타,안전운전불이행,포장 - 건조,맑음,단일로 - 기타,승용,여,35세,상해없음,보행자,남,43세,경상
1627,2018122200100456,2018년 12월 22일 17시,토요일,전라남도 광양시 광양읍,경상사고,0,0,1,0,차대사람 - 횡단중,안전운전불이행,포장 - 건조,맑음,단일로 - 기타,승용,남,60세,상해없음,보행자,남,75세,경상
1628,2018122200100494,2018년 12월 22일 18시,토요일,전라남도 나주시 송월동,경상사고,0,0,2,0,차대사람 - 횡단중,안전운전불이행,포장 - 건조,맑음,단일로 - 기타,승용,남,20세,상해없음,보행자,남,65세,경상
1629,2018122200100496,2018년 12월 22일 18시,토요일,전라남도 곡성군 곡성읍,사망사고,1,0,0,0,차대사람 - 길가장자리구역통행중,안전운전불이행,포장 - 건조,맑음,단일로 - 기타,화물,남,76세,상해없음,보행자,여,79세,사망
1630,2018122200100531,2018년 12월 22일 19시,토요일,전라남도 여수시 충무동,중상사고,0,1,0,0,차대사람 - 횡단중,보행자보호의무위반,포장 - 건조,맑음,교차로 - 교차로안,승용,남,35세,상해없음,보행자,여,66세,중상
1631,2018122200100575,2018년 12월 22일 21시,토요일,전라남도 순천시 연향동,경상사고,0,0,1,0,차대사람 - 차도통행중,안전운전불이행,포장 - 건조,맑음,단일로 - 기타,승용,남,38세,상해없음,보행자,여,19세,경상
1632,2018122200100601,2018년 12월 22일 22시,토요일,전라남도 목포시 죽교동,중상사고,0,1,0,0,차대사람 - 기타,안전운전불이행,포장 - 건조,맑음,단일로 - 기타,승용,남,26세,상해없음,보행자,남,41세,중상
1633,2018122300100057,2018년 12월 23일 03시,일요일,전라남도 목포시 상동,경상사고,0,0,1,0,차대사람 - 횡단중,보행자보호의무위반,포장 - 젖음/습기,비,교차로 - 교차로횡단보도내,승용,남,31세,상해없음,보행자,남,35세,경상
1634,2018122300100073,2018년 12월 23일 04시,일요일,전라남도 순천시 남정동,사망사고,1,0,0,0,차대사람 - 기타,과속,포장 - 젖음/습기,비,단일로 - 기타,승용,남,25세,상해없음,보행자,남,30세,사망
1635,2018122300100085,2018년 12월 23일 05시,일요일,전라남도 여수시 국동,사망사고,1,0,0,0,차대사람 - 횡단중,신호위반,포장 - 젖음/습기,비,교차로 - 교차로부근,승용,남,27세,상해없음,보행자,여,90세 이상,사망
1636,2018122300100140,2018년 12월 23일 10시,일요일,전라남도 나주시 봉황면,중상사고,0,1,0,0,차대사람 - 횡단중,안전운전불이행,포장 - 건조,맑음,교차로 - 교차로부근,화물,남,72세,상해없음,보행자,남,90세 이상,중상
1637,2018122300100195,2018년 12월 23일 13시,일요일,전라남도 순천시 해룡면,경상사고,0,0,1,0,차대사람 - 차도통행중,안전운전불이행,포장 - 건조,맑음,단일로 - 기타,승용,여,44세,상해없음,보행자,남,9세,경상
1638,2018122300100196,2018년 12월 23일 13시,일요일,전라남도 화순군 화순읍,사망사고,1,0,2,1,차대사람 - 기타,보행자보호의무위반,포장 - 건조,맑음,교차로 - 교차로안,화물,남,68세,부상신고,보행자,여,72세,사망
1639,2018122300100253,2018년 12월 23일 15시,일요일,전라남도 여수시 둔덕동,경상사고,0,0,1,0,차대사람 - 횡단중,신호위반,포장 - 건조,맑음,단일로 - 기타,승용,여,67세,상해없음,보행자,남,23세,경상
1640,2018122300100307,2018년 12월 23일 17시,일요일,전라남도 여수시 교동,경상사고,0,0,1,0,차대사람 - 기타,안전운전불이행,포장 - 건조,맑음,단일로 - 기타,승용,남,44세,상해없음,보행자,여,56세,경상
1641,2018122300100367,2018년 12월 23일 19시,일요일,전라남도 여수시 공화동,중상사고,0,1,0,0,차대사람 - 기타,안전운전불이행,포장 - 건조,맑음,교차로 - 교차로안,승용,남,63세,상해없음,보행자,남,63세,중상
1642,2018122300100386,2018년 12월 23일 20시,일요일,전라남도 목포시 죽교동,중상사고,0,1,0,0,차대사람 - 횡단중,안전운전불이행,포장 - 건조,기타,교차로 - 교차로안,승용,남,63세,상해없음,보행자,남,63세,중상
1643,2018122400100391,2018년 12월 24일 16시,월요일,전라남도 목포시 산정동,경상사고,0,0,1,0,차대사람 - 기타,안전운전불이행,포장 - 건조,맑음,단일로 - 기타,승용,남,59세,상해없음,보행자,여,12세,경상
1644,2018122400100480,2018년 12월 24일 18시,월요일,전라남도 여수시 문수동,경상사고,0,0,1,0,차대사람 - 횡단중,차로위반,포장 - 건조,맑음,단일로 - 기타,승용,여,56세,상해없음,보행자,여,44세,경상
1645,2018122400100628,2018년 12월 24일 22시,월요일,전라남도 광양시 중동,경상사고,0,0,2,0,차대사람 - 횡단중,안전운전불이행,포장 - 건조,맑음,교차로 - 교차로부근,이륜,남,22세,경상,보행자,남,43세,경상
1646,2018122500100107,2018년 12월 25일 09시,화요일,전라남도 목포시 용당동,중상사고,0,1,0,0,차대사람 - 횡단중,신호위반,포장 - 건조,맑음,교차로 - 교차로안,승용,여,37세,상해없음,보행자,여,74세,중상
1647,2018122500100211,2018년 12월 25일 15시,화요일,전라남도 여수시 학동,중상사고,0,1,0,0,차대사람 - 기타,안전운전불이행,포장 - 건조,맑음,단일로 - 기타,승합,남,61세,상해없음,보행자,여,69세,중상
1648,2018122500100258,2018년 12월 25일 17시,화요일,전라남도 여수시 화장동,경상사고,0,0,1,0,차대사람 - 횡단중,보행자보호의무위반,포장 - 건조,맑음,교차로 - 교차로부근,화물,남,44세,상해없음,보행자,여,63세,경상
1649,2018122600100134,2018년 12월 26일 09시,수요일,전라남도 보성군 득량면,중상사고,0,1,0,0,차대사람 - 기타,안전운전불이행,포장 - 건조,맑음,기타 - 기타,승용,남,49세,상해없음,보행자,여,71세,중상
1650,2018122600100184,2018년 12월 26일 11시,수요일,전라남도 장흥군 관산읍,경상사고,0,0,1,0,차대사람 - 길가장자리구역통행중,안전운전불이행,포장 - 건조,맑음,교차로 - 교차로안,승용,남,69세,상해없음,보행자,여,83세,경상
1651,2018122600100328,2018년 12월 26일 15시,수요일,전라남도 무안군 삼향읍,중상사고,0,1,0,0,차대사람 - 횡단중,안전운전불이행,포장 - 건조,맑음,교차로 - 교차로횡단보도내,승용,여,37세,상해없음,보행자,여,11세,중상
1652,2018122600100360,2018년 12월 26일 16시,수요일,전라남도 순천시 조례동,경상사고,0,0,2,0,차대사람 - 차도통행중,안전운전불이행,포장 - 건조,맑음,단일로 - 기타,승용,여,64세,상해없음,보행자,여,53세,경상
1653,2018122600100511,2018년 12월 26일 20시,수요일,전라남도 목포시 용당동,사망사고,1,1,0,0,차대사람 - 횡단중,안전운전불이행,포장 - 건조,맑음,단일로 - 기타,승합,남,32세,상해없음,보행자,남,58세,사망
1654,2018122700100185,2018년 12월 27일 10시,목요일,전라남도 광양시 중동,경상사고,0,0,1,0,차대사람 - 기타,안전운전불이행,포장 - 건조,맑음,단일로 - 기타,승용,여,48세,상해없음,보행자,여,80세,경상
1655,2018122700100444,2018년 12월 27일 18시,목요일,전라남도 목포시 옥암동,경상사고,0,0,1,0,차대사람 - 기타,교차로운행방법위반,포장 - 젖음/습기,눈,교차로 - 교차로안,승용,남,86세,상해없음,보행자,여,57세,경상
1656,2018122700100446,2018년 12월 27일 18시,목요일,전라남도 광양시 중동,중상사고,0,1,0,0,차대사람 - 횡단중,안전운전불이행,포장 - 건조,맑음,교차로 - 교차로부근,승용,남,35세,상해없음,보행자,여,81세,중상
1657,2018122700100447,2018년 12월 27일 18시,목요일,전라남도 광양시 봉강면,사망사고,1,0,0,0,차대사람 - 기타,안전운전불이행,포장 - 건조,맑음,단일로 - 기타,승용,여,52세,상해없음,보행자,남,55세,사망
1658,2018122700100545,2018년 12월 27일 20시,목요일,전라남도 광양시 광양읍,중상사고,0,1,0,0,차대사람 - 기타,안전운전불이행,포장 - 건조,맑음,단일로 - 기타,승용,남,45세,상해없음,보행자,남,36세,중상
1659,2018122800100388,2018년 12월 28일 16시,금요일,전라남도 목포시 산정동,경상사고,0,0,1,0,차대사람 - 차도통행중,안전운전불이행,포장 - 건조,맑음,단일로 - 기타,승용,남,53세,상해없음,보행자,남,11세,경상
1660,2018122800100560,2018년 12월 28일 20시,금요일,전라남도 영광군 영광읍,경상사고,0,0,1,0,차대사람 - 차도통행중,안전운전불이행,포장 - 서리/결빙,흐림,단일로 - 기타,승용,남,42세,상해없음,보행자,여,76세,경상
1661,2018122800100658,2018년 12월 28일 23시,금요일,전라남도 나주시 이창동,경상사고,0,0,1,0,차대사람 - 기타,안전운전불이행,포장 - 건조,맑음,단일로 - 기타,승용,남,31세,상해없음,보행자,남,51세,경상
1662,2018122900100016,2018년 12월 29일 00시,토요일,전라남도 여수시 소호동,중상사고,0,1,0,0,차대사람 - 횡단중,안전운전불이행,포장 - 건조,맑음,교차로 - 교차로안,승용,남,29세,상해없음,보행자,남,44세,중상
1663,2018122900100186,2018년 12월 29일 12시,토요일,전라남도 순천시 연향동,경상사고,0,0,1,0,차대사람 - 기타,안전운전불이행,포장 - 건조,맑음,단일로 - 기타,승용,여,37세,상해없음,보행자,남,67세,경상
1664,2018123000100047,2018년 12월 30일 02시,일요일,전라남도 여수시 학동,경상사고,0,0,1,0,차대사람 - 길가장자리구역통행중,안전운전불이행,포장 - 건조,맑음,교차로 - 교차로안,승용,남,45세,상해없음,보행자,여,25세,경상
1665,2018123000100217,2018년 12월 30일 15시,일요일,전라남도 장흥군 장흥읍,경상사고,0,0,1,0,차대사람 - 기타,안전운전불이행,포장 - 건조,맑음,교차로 - 교차로안,승용,남,47세,상해없음,보행자,여,73세,경상
1666,2018123000100341,2018년 12월 30일 20시,일요일,전라남도 광양시 중동,사망사고,1,0,0,0,차대사람 - 횡단중,안전운전불이행,포장 - 건조,맑음,단일로 - 기타,승용,남,68세,상해없음,보행자,여,65세,사망
1667,2018123100100058,2018년 12월 31일 06시,월요일,전라남도 나주시 빛가람동,사망사고,1,0,0,0,차대사람 - 횡단중,과속,포장 - 건조,맑음,교차로 - 교차로부근,승용,남,32세,상해없음,보행자,여,68세,사망
1668,2018123100100071,2018년 12월 31일 07시,월요일,전라남도 여수시 남산동,중상사고,0,1,0,0,차대사람 - 횡단중,안전운전불이행,포장 - 건조,맑음,단일로 - 기타,화물,남,56세,상해없음,보행자,여,69세,중상
1669,2018123100100207,2018년 12월 31일 12시,월요일,전라남도 여수시 신기동,중상사고,0,1,0,0,차대사람 - 기타,보행자보호의무위반,포장 - 건조,맑음,단일로 - 기타,승용,남,63세,상해없음,보행자,여,67세,중상
1670,2018123100100319,2018년 12월 31일 15시,월요일,전라남도 목포시 연산동,중상사고,0,1,0,0,차대사람 - 횡단중,안전운전불이행,포장 - 건조,맑음,교차로 - 교차로횡단보도내,화물,남,42세,상해없음,보행자,여,53세,중상
1671,2018123100100451,2018년 12월 31일 18시,월요일,전라남도 보성군 조성면,경상사고,0,0,1,0,차대사람 - 차도통행중,안전운전불이행,포장 - 건조,맑음,단일로 - 기타,승용,남,34세,상해없음,보행자,남,53세,경상
1672,2018123100100509,2018년 12월 31일 19시,월요일,전라남도 보성군 보성읍,중상사고,0,1,1,0,차대사람 - 횡단중,안전운전불이행,포장 - 건조,맑음,단일로 - 기타,화물,남,52세,상해없음,보행자,여,15세,중상
1673,2018123100100600,2018년 12월 31일 22시,월요일,전라남도 여수시 율촌면,중상사고,0,1,0,0,차대사람 - 횡단중,보행자보호의무위반,포장 - 건조,맑음,단일로 - 기타,승용,남,51세,상해없음,보행자,여,77세,중상